"jurisdiction","week_of_allocations","total_first_doses","total_second_doses"
"Alabama","2021-03-08T00:00:00.000","60840","60840"
"American Samoa","2021-03-08T00:00:00.000","0","0"
"Arizona","2021-03-08T00:00:00.000","85410","85410"
"Arkansas","2021-03-08T00:00:00.000","37440","37440"
"California","2021-03-08T00:00:00.000","479700","479700"
"Chicago","2021-03-08T00:00:00.000","33930","33930"
"Colorado","2021-03-08T00:00:00.000","69030","69030"
"Connecticut","2021-03-08T00:00:00.000","45630","45630"
"Delaware","2021-03-08T00:00:00.000","12870","12870"
"District of Columbia","2021-03-08T00:00:00.000","9360","9360"
"Florida","2021-03-08T00:00:00.000","262080","262080"
"Georgia","2021-03-08T00:00:00.000","125190","125190"
"Guam","2021-03-08T00:00:00.000","0","0"
"Hawaii","2021-03-08T00:00:00.000","18720","18720"
"Illinois","2021-03-08T00:00:00.000","125190","125190"
"Indiana","2021-03-08T00:00:00.000","80730","80730"
"Iowa","2021-03-08T00:00:00.000","38610","38610"
"Kansas","2021-03-08T00:00:00.000","35100","35100"
"Kentucky","2021-03-08T00:00:00.000","54990","54990"
"Louisiana","2021-03-08T00:00:00.000","57330","57330"
"Maine","2021-03-08T00:00:00.000","17550","17550"
"Marshall Islands","2021-03-08T00:00:00.000","0","0"
"Maryland","2021-03-08T00:00:00.000","74880","74880"
"Massachusetts","2021-03-08T00:00:00.000","87750","87750"
"Michigan","2021-03-08T00:00:00.000","124020","124020"
"Minnesota","2021-03-08T00:00:00.000","67860","67860"
"Mississippi","2021-03-08T00:00:00.000","36270","36270"
"Missouri","2021-03-08T00:00:00.000","76050","76050"
"Montana","2021-03-08T00:00:00.000","14040","14040"
"Nebraska","2021-03-08T00:00:00.000","23400","23400"
"Nevada","2021-03-08T00:00:00.000","36270","36270"
"New Hampshire","2021-03-08T00:00:00.000","17550","17550"
"New Jersey","2021-03-08T00:00:00.000","111150","111150"
"New Mexico","2021-03-08T00:00:00.000","25740","25740"
"New York","2021-03-08T00:00:00.000","140400","140400"
"New York City","2021-03-08T00:00:00.000","106470","106470"
"North Carolina","2021-03-08T00:00:00.000","126360","126360"
"North Dakota","2021-03-08T00:00:00.000","10530","10530"
"Ohio","2021-03-08T00:00:00.000","143910","143910"
"Oklahoma","2021-03-08T00:00:00.000","47970","47970"
"Pennsylvania","2021-03-08T00:00:00.000","141570","141570"
"Philadelphia","2021-03-08T00:00:00.000","19890","19890"
"Puerto Rico","2021-03-08T00:00:00.000","43290","43290"
"Rhode Island","2021-03-08T00:00:00.000","14040","14040"
"South Carolina","2021-03-08T00:00:00.000","62010","62010"
"South Dakota","2021-03-08T00:00:00.000","10530","10530"
"Tennessee","2021-03-08T00:00:00.000","83070","83070"
"Texas","2021-03-08T00:00:00.000","328770","328770"
"U.S. Virgin Islands","2021-03-08T00:00:00.000","2340","2340"
"Utah","2021-03-08T00:00:00.000","35100","35100"
"Vermont","2021-03-08T00:00:00.000","8190","8190"
"Virginia","2021-03-08T00:00:00.000","105300","105300"
"West Virginia","2021-03-08T00:00:00.000","23400","23400"
"Wisconsin","2021-03-08T00:00:00.000","72540","72540"
"Wyoming","2021-03-08T00:00:00.000","8190","8190"
"Alabama","2021-03-15T00:00:00.000","65520","65520"
"Alaska","2021-03-15T00:00:00.000","0","0"
"American Samoa","2021-03-15T00:00:00.000","0","0"
"Arizona","2021-03-15T00:00:00.000","92430","92430"
"Arkansas","2021-03-15T00:00:00.000","39780","39780"
"California","2021-03-15T00:00:00.000","515970","515970"
"Chicago","2021-03-15T00:00:00.000","36270","36270"
"Colorado","2021-03-15T00:00:00.000","73710","73710"
"Connecticut","2021-03-15T00:00:00.000","49140","49140"
"Delaware","2021-03-15T00:00:00.000","12870","12870"
"District of Columbia","2021-03-15T00:00:00.000","10530","10530"
"Federal Entities","2021-03-15T00:00:00.000","182520","182520"
"Florida","2021-03-15T00:00:00.000","281970","281970"
"Georgia","2021-03-15T00:00:00.000","134550","134550"
"Guam","2021-03-15T00:00:00.000","0","0"
"Hawaii","2021-03-15T00:00:00.000","19890","19890"
"Idaho","2021-03-15T00:00:00.000","22230","22230"
"Illinois","2021-03-15T00:00:00.000","134550","134550"
"Indiana","2021-03-15T00:00:00.000","87750","87750"
"Iowa","2021-03-15T00:00:00.000","42120","42120"
"Kansas","2021-03-15T00:00:00.000","38610","38610"
"Kentucky","2021-03-15T00:00:00.000","59670","59670"
"Louisiana","2021-03-15T00:00:00.000","62010","62010"
"Maine","2021-03-15T00:00:00.000","18720","18720"
"Mariana Islands","2021-03-15T00:00:00.000","0","0"
"Marshall Islands","2021-03-15T00:00:00.000","0","0"
"Maryland","2021-03-15T00:00:00.000","80730","80730"
"Massachusetts","2021-03-15T00:00:00.000","93600","93600"
"Michigan","2021-03-15T00:00:00.000","133380","133380"
"Micronesia","2021-03-15T00:00:00.000","0","0"
"Minnesota","2021-03-15T00:00:00.000","73710","73710"
"Mississippi","2021-03-15T00:00:00.000","39780","39780"
"Missouri","2021-03-15T00:00:00.000","80730","80730"
"Montana","2021-03-15T00:00:00.000","14040","14040"
"Nebraska","2021-03-15T00:00:00.000","25740","25740"
"Nevada","2021-03-15T00:00:00.000","38610","38610"
"New Hampshire","2021-03-15T00:00:00.000","18720","18720"
"New Jersey","2021-03-15T00:00:00.000","119340","119340"
"New Mexico","2021-03-15T00:00:00.000","28080","28080"
"New York","2021-03-15T00:00:00.000","150930","150930"
"New York City","2021-03-15T00:00:00.000","114660","114660"
"North Carolina","2021-03-15T00:00:00.000","135720","135720"
"North Dakota","2021-03-15T00:00:00.000","10530","10530"
"Ohio","2021-03-15T00:00:00.000","155610","155610"
"Oklahoma","2021-03-15T00:00:00.000","51480","51480"
"Oregon","2021-03-15T00:00:00.000","56160","56160"
"Palau","2021-03-15T00:00:00.000","0","0"
"Pennsylvania","2021-03-15T00:00:00.000","153270","153270"
"Philadelphia","2021-03-15T00:00:00.000","22230","22230"
"Puerto Rico","2021-03-15T00:00:00.000","46800","46800"
"Rhode Island","2021-03-15T00:00:00.000","15210","15210"
"South Carolina","2021-03-15T00:00:00.000","66690","66690"
"South Dakota","2021-03-15T00:00:00.000","11700","11700"
"Tennessee","2021-03-15T00:00:00.000","88920","88920"
"Texas","2021-03-15T00:00:00.000","353340","353340"
"U.S. Virgin Islands","2021-03-15T00:00:00.000","2340","2340"
"Utah","2021-03-15T00:00:00.000","37440","37440"
"Vermont","2021-03-15T00:00:00.000","9360","9360"
"Virginia","2021-03-15T00:00:00.000","112320","112320"
"Washington","2021-03-15T00:00:00.000","98280","98280"
"West Virginia","2021-03-15T00:00:00.000","25740","25740"
"Wisconsin","2021-03-15T00:00:00.000","78390","78390"
"Wyoming","2021-03-15T00:00:00.000","8190","8190"
"Alabama","2021-03-22T00:00:00.000","66690","66690"
"Alaska","2021-03-22T00:00:00.000","0","0"
"American Samoa","2021-03-22T00:00:00.000","0","0"
"Arizona","2021-03-22T00:00:00.000","93600","93600"
"Arkansas","2021-03-22T00:00:00.000","39780","39780"
"California","2021-03-22T00:00:00.000","524160","524160"
"Chicago","2021-03-22T00:00:00.000","37440","37440"
"Colorado","2021-03-22T00:00:00.000","74880","74880"
"Connecticut","2021-03-22T00:00:00.000","50310","50310"
"Delaware","2021-03-22T00:00:00.000","14040","14040"
"District of Columbia","2021-03-22T00:00:00.000","10530","10530"
"Federal Entities","2021-03-22T00:00:00.000","195390","195390"
"Florida","2021-03-22T00:00:00.000","286650","286650"
"Georgia","2021-03-22T00:00:00.000","136890","136890"
"Guam","2021-03-22T00:00:00.000","0","0"
"Hawaii","2021-03-22T00:00:00.000","19890","19890"
"Idaho","2021-03-22T00:00:00.000","22230","22230"
"Illinois","2021-03-22T00:00:00.000","136890","136890"
"Indiana","2021-03-22T00:00:00.000","88920","88920"
"Iowa","2021-03-22T00:00:00.000","42120","42120"
"Kansas","2021-03-22T00:00:00.000","38610","38610"
"Kentucky","2021-03-22T00:00:00.000","60840","60840"
"Louisiana","2021-03-22T00:00:00.000","62010","62010"
"Maine","2021-03-22T00:00:00.000","19890","19890"
"Mariana Islands","2021-03-22T00:00:00.000","0","0"
"Marshall Islands","2021-03-22T00:00:00.000","0","0"
"Maryland","2021-03-22T00:00:00.000","81900","81900"
"Massachusetts","2021-03-22T00:00:00.000","95940","95940"
"Michigan","2021-03-22T00:00:00.000","135720","135720"
"Micronesia","2021-03-22T00:00:00.000","0","0"
"Minnesota","2021-03-22T00:00:00.000","74880","74880"
"Mississippi","2021-03-22T00:00:00.000","39780","39780"
"Missouri","2021-03-22T00:00:00.000","83070","83070"
"Montana","2021-03-22T00:00:00.000","15210","15210"
"Nebraska","2021-03-22T00:00:00.000","25740","25740"
"Nevada","2021-03-22T00:00:00.000","39780","39780"
"New Hampshire","2021-03-22T00:00:00.000","19890","19890"
"New Jersey","2021-03-22T00:00:00.000","120510","120510"
"New Mexico","2021-03-22T00:00:00.000","29250","29250"
"New York","2021-03-22T00:00:00.000","153270","153270"
"New York City","2021-03-22T00:00:00.000","117000","117000"
"North Carolina","2021-03-22T00:00:00.000","138060","138060"
"North Dakota","2021-03-22T00:00:00.000","10530","10530"
"Ohio","2021-03-22T00:00:00.000","157950","157950"
"Oklahoma","2021-03-22T00:00:00.000","52650","52650"
"Oregon","2021-03-22T00:00:00.000","57330","57330"
"Palau","2021-03-22T00:00:00.000","0","0"
"Pennsylvania","2021-03-22T00:00:00.000","155610","155610"
"Philadelphia","2021-03-22T00:00:00.000","22230","22230"
"Puerto Rico","2021-03-22T00:00:00.000","47970","47970"
"Rhode Island","2021-03-22T00:00:00.000","15210","15210"
"South Carolina","2021-03-22T00:00:00.000","67860","67860"
"South Dakota","2021-03-22T00:00:00.000","11700","11700"
"Tennessee","2021-03-22T00:00:00.000","90090","90090"
"Texas","2021-03-22T00:00:00.000","359190","359190"
"U.S. Virgin Islands","2021-03-22T00:00:00.000","2340","2340"
"Utah","2021-03-22T00:00:00.000","37440","37440"
"Vermont","2021-03-22T00:00:00.000","9360","9360"
"Virginia","2021-03-22T00:00:00.000","114660","114660"
"Washington","2021-03-22T00:00:00.000","100620","100620"
"West Virginia","2021-03-22T00:00:00.000","25740","25740"
"Wisconsin","2021-03-22T00:00:00.000","79560","79560"
"Wyoming","2021-03-22T00:00:00.000","8190","8190"
"Alabama","2021-03-29T00:00:00.000","80730","80730"
"Alaska","2021-03-29T00:00:00.000","91260","79560"
"American Samoa","2021-03-29T00:00:00.000","11700","0"
"Arizona","2021-03-29T00:00:00.000","114660","114660"
"Arkansas","2021-03-29T00:00:00.000","49140","49140"
"California","2021-03-29T00:00:00.000","644670","644670"
"Chicago","2021-03-29T00:00:00.000","45630","45630"
"Colorado","2021-03-29T00:00:00.000","92430","92430"
"Connecticut","2021-03-29T00:00:00.000","60840","60840"
"Delaware","2021-03-29T00:00:00.000","16380","16380"
"District of Columbia","2021-03-29T00:00:00.000","12870","12870"
"Federal Entities","2021-03-29T00:00:00.000","201240","201240"
"Florida","2021-03-29T00:00:00.000","352170","352170"
"Georgia","2021-03-29T00:00:00.000","167310","167310"
"Guam","2021-03-29T00:00:00.000","25740","0"
"Hawaii","2021-03-29T00:00:00.000","24570","24570"
"Idaho","2021-03-29T00:00:00.000","26910","26910"
"Illinois","2021-03-29T00:00:00.000","167310","167310"
"Indiana","2021-03-29T00:00:00.000","108810","108810"
"Iowa","2021-03-29T00:00:00.000","51480","51480"
"Kansas","2021-03-29T00:00:00.000","47970","47970"
"Kentucky","2021-03-29T00:00:00.000","73710","73710"
"Louisiana","2021-03-29T00:00:00.000","77220","77220"
"Maine","2021-03-29T00:00:00.000","23400","23400"
"Mariana Islands","2021-03-29T00:00:00.000","11700","0"
"Marshall Islands","2021-03-29T00:00:00.000","0","0"
"Maryland","2021-03-29T00:00:00.000","100620","100620"
"Massachusetts","2021-03-29T00:00:00.000","117000","117000"
"Michigan","2021-03-29T00:00:00.000","166140","166140"
"Micronesia","2021-03-29T00:00:00.000","0","0"
"Minnesota","2021-03-29T00:00:00.000","91260","91260"
"Mississippi","2021-03-29T00:00:00.000","49140","49140"
"Missouri","2021-03-29T00:00:00.000","101790","101790"
"Montana","2021-03-29T00:00:00.000","17550","17550"
"Nebraska","2021-03-29T00:00:00.000","31590","31590"
"Nevada","2021-03-29T00:00:00.000","49140","49140"
"New Hampshire","2021-03-29T00:00:00.000","23400","23400"
"New Jersey","2021-03-29T00:00:00.000","148590","148590"
"New Mexico","2021-03-29T00:00:00.000","35100","35100"
"New York","2021-03-29T00:00:00.000","188370","188370"
"New York City","2021-03-29T00:00:00.000","143910","143910"
"North Carolina","2021-03-29T00:00:00.000","168480","168480"
"North Dakota","2021-03-29T00:00:00.000","12870","12870"
"Ohio","2021-03-29T00:00:00.000","194220","194220"
"Oklahoma","2021-03-29T00:00:00.000","64350","64350"
"Oregon","2021-03-29T00:00:00.000","70200","70200"
"Palau","2021-03-29T00:00:00.000","0","0"
"Pennsylvania","2021-03-29T00:00:00.000","190710","190710"
"Philadelphia","2021-03-29T00:00:00.000","26910","26910"
"Puerto Rico","2021-03-29T00:00:00.000","58500","58500"
"Rhode Island","2021-03-29T00:00:00.000","18720","18720"
"South Carolina","2021-03-29T00:00:00.000","83070","83070"
"South Dakota","2021-03-29T00:00:00.000","14040","14040"
"Tennessee","2021-03-29T00:00:00.000","111150","111150"
"Texas","2021-03-29T00:00:00.000","441090","441090"
"U.S. Virgin Islands","2021-03-29T00:00:00.000","2340","2340"
"Utah","2021-03-29T00:00:00.000","46800","46800"
"Vermont","2021-03-29T00:00:00.000","11700","11700"
"Virginia","2021-03-29T00:00:00.000","140400","140400"
"Washington","2021-03-29T00:00:00.000","122850","122850"
"West Virginia","2021-03-29T00:00:00.000","31590","31590"
"Wisconsin","2021-03-29T00:00:00.000","97110","97110"
"Wyoming","2021-03-29T00:00:00.000","10530","10530"
"Alabama","2021-04-05T00:00:00.000","66690","66690"
"Alaska","2021-04-05T00:00:00.000","0","0"
"American Samoa","2021-04-05T00:00:00.000","0","0"
"Arizona","2021-04-05T00:00:00.000","93600","93600"
"Arkansas","2021-04-05T00:00:00.000","39780","39780"
"California","2021-04-05T00:00:00.000","524160","524160"
"Chicago","2021-04-05T00:00:00.000","37440","37440"
"Colorado","2021-04-05T00:00:00.000","74880","74880"
"Connecticut","2021-04-05T00:00:00.000","50310","50310"
"Delaware","2021-04-05T00:00:00.000","14040","14040"
"District of Columbia","2021-04-05T00:00:00.000","10530","10530"
"Federal Entities","2021-04-05T00:00:00.000","243360","243360"
"Florida","2021-04-05T00:00:00.000","286650","286650"
"Georgia","2021-04-05T00:00:00.000","136890","136890"
"Guam","2021-04-05T00:00:00.000","0","0"
"Hawaii","2021-04-05T00:00:00.000","19890","19890"
"Idaho","2021-04-05T00:00:00.000","22230","22230"
"Illinois","2021-04-05T00:00:00.000","136890","136890"
"Indiana","2021-04-05T00:00:00.000","88920","88920"
"Iowa","2021-04-05T00:00:00.000","42120","42120"
"Kansas","2021-04-05T00:00:00.000","38610","38610"
"Kentucky","2021-04-05T00:00:00.000","60840","60840"
"Louisiana","2021-04-05T00:00:00.000","62010","62010"
"Maine","2021-04-05T00:00:00.000","19890","19890"
"Mariana Islands","2021-04-05T00:00:00.000","0","0"
"Marshall Islands","2021-04-05T00:00:00.000","0","0"
"Maryland","2021-04-05T00:00:00.000","81900","81900"
"Massachusetts","2021-04-05T00:00:00.000","95940","95940"
"Michigan","2021-04-05T00:00:00.000","135720","135720"
"Micronesia","2021-04-05T00:00:00.000","0","0"
"Minnesota","2021-04-05T00:00:00.000","74880","74880"
"Mississippi","2021-04-05T00:00:00.000","39780","39780"
"Missouri","2021-04-05T00:00:00.000","83070","83070"
"Montana","2021-04-05T00:00:00.000","15210","15210"
"Nebraska","2021-04-05T00:00:00.000","25740","25740"
"Nevada","2021-04-05T00:00:00.000","39780","39780"
"New Hampshire","2021-04-05T00:00:00.000","19890","19890"
"New Jersey","2021-04-05T00:00:00.000","120510","120510"
"New Mexico","2021-04-05T00:00:00.000","29250","29250"
"New York","2021-04-05T00:00:00.000","153270","153270"
"New York City","2021-04-05T00:00:00.000","117000","117000"
"North Carolina","2021-04-05T00:00:00.000","138060","138060"
"North Dakota","2021-04-05T00:00:00.000","10530","10530"
"Ohio","2021-04-05T00:00:00.000","157950","157950"
"Oklahoma","2021-04-05T00:00:00.000","52650","52650"
"Oregon","2021-04-05T00:00:00.000","57330","57330"
"Palau","2021-04-05T00:00:00.000","0","0"
"Pennsylvania","2021-04-05T00:00:00.000","155610","155610"
"Philadelphia","2021-04-05T00:00:00.000","22230","22230"
"Puerto Rico","2021-04-05T00:00:00.000","47970","47970"
"Rhode Island","2021-04-05T00:00:00.000","15210","15210"
"South Carolina","2021-04-05T00:00:00.000","67860","67860"
"South Dakota","2021-04-05T00:00:00.000","11700","11700"
"Tennessee","2021-04-05T00:00:00.000","90090","90090"
"Texas","2021-04-05T00:00:00.000","359190","359190"
"U.S. Virgin Islands","2021-04-05T00:00:00.000","2340","2340"
"Utah","2021-04-05T00:00:00.000","37440","37440"
"Vermont","2021-04-05T00:00:00.000","9360","9360"
"Virginia","2021-04-05T00:00:00.000","114660","114660"
"Washington","2021-04-05T00:00:00.000","100620","100620"
"West Virginia","2021-04-05T00:00:00.000","25740","25740"
"Wisconsin","2021-04-05T00:00:00.000","79560","79560"
"Wyoming","2021-04-05T00:00:00.000","8190","8190"
"Alabama","2021-04-12T00:00:00.000","67860","67860"
"Alaska","2021-04-12T00:00:00.000","0","0"
"American Samoa","2021-04-12T00:00:00.000","0","0"
"Arizona","2021-04-12T00:00:00.000","95940","95940"
"Arkansas","2021-04-12T00:00:00.000","40950","40950"
"California","2021-04-12T00:00:00.000","535860","535860"
"Chicago","2021-04-12T00:00:00.000","37440","37440"
"Colorado","2021-04-12T00:00:00.000","76050","76050"
"Connecticut","2021-04-12T00:00:00.000","51480","51480"
"Delaware","2021-04-12T00:00:00.000","14040","14040"
"District of Columbia","2021-04-12T00:00:00.000","10530","10530"
"Federal Entities","2021-04-12T00:00:00.000","201240","201240"
"Florida","2021-04-12T00:00:00.000","293670","293670"
"Georgia","2021-04-12T00:00:00.000","139230","139230"
"Guam","2021-04-12T00:00:00.000","0","0"
"Hawaii","2021-04-12T00:00:00.000","19890","19890"
"Idaho","2021-04-12T00:00:00.000","23400","23400"
"Illinois","2021-04-12T00:00:00.000","139230","139230"
"Indiana","2021-04-12T00:00:00.000","91260","91260"
"Iowa","2021-04-12T00:00:00.000","43290","43290"
"Kansas","2021-04-12T00:00:00.000","39780","39780"
"Kentucky","2021-04-12T00:00:00.000","62010","62010"
"Louisiana","2021-04-12T00:00:00.000","64350","64350"
"Maine","2021-04-12T00:00:00.000","19890","19890"
"Mariana Islands","2021-04-12T00:00:00.000","0","0"
"Marshall Islands","2021-04-12T00:00:00.000","0","0"
"Maryland","2021-04-12T00:00:00.000","83070","83070"
"Massachusetts","2021-04-12T00:00:00.000","97110","97110"
"Michigan","2021-04-12T00:00:00.000","139230","139230"
"Micronesia","2021-04-12T00:00:00.000","0","0"
"Minnesota","2021-04-12T00:00:00.000","76050","76050"
"Mississippi","2021-04-12T00:00:00.000","40950","40950"
"Missouri","2021-04-12T00:00:00.000","84240","84240"
"Montana","2021-04-12T00:00:00.000","15210","15210"
"Nebraska","2021-04-12T00:00:00.000","26910","26910"
"Nevada","2021-04-12T00:00:00.000","40950","40950"
"New Hampshire","2021-04-12T00:00:00.000","19890","19890"
"New Jersey","2021-04-12T00:00:00.000","124020","124020"
"New Mexico","2021-04-12T00:00:00.000","29250","29250"
"New York","2021-04-12T00:00:00.000","156780","156780"
"New York City","2021-04-12T00:00:00.000","119340","119340"
"North Carolina","2021-04-12T00:00:00.000","140400","140400"
"North Dakota","2021-04-12T00:00:00.000","10530","10530"
"Ohio","2021-04-12T00:00:00.000","161460","161460"
"Oklahoma","2021-04-12T00:00:00.000","53820","53820"
"Oregon","2021-04-12T00:00:00.000","58500","58500"
"Palau","2021-04-12T00:00:00.000","0","0"
"Pennsylvania","2021-04-12T00:00:00.000","159120","159120"
"Philadelphia","2021-04-12T00:00:00.000","22230","22230"
"Puerto Rico","2021-04-12T00:00:00.000","49140","49140"
"Rhode Island","2021-04-12T00:00:00.000","15210","15210"
"South Carolina","2021-04-12T00:00:00.000","69030","69030"
"South Dakota","2021-04-12T00:00:00.000","11700","11700"
"Tennessee","2021-04-12T00:00:00.000","92430","92430"
"Texas","2021-04-12T00:00:00.000","367380","367380"
"U.S. Virgin Islands","2021-04-12T00:00:00.000","2340","2340"
"Utah","2021-04-12T00:00:00.000","38610","38610"
"Vermont","2021-04-12T00:00:00.000","9360","9360"
"Virginia","2021-04-12T00:00:00.000","117000","117000"
"Washington","2021-04-12T00:00:00.000","102960","102960"
"West Virginia","2021-04-12T00:00:00.000","26910","26910"
"Wisconsin","2021-04-12T00:00:00.000","80730","80730"
"Wyoming","2021-04-12T00:00:00.000","8190","8190"
"Alabama","2021-04-19T00:00:00.000","72540","72540"
"Alaska","2021-04-19T00:00:00.000","0","0"
"American Samoa","2021-04-19T00:00:00.000","0","0"
"Arizona","2021-04-19T00:00:00.000","102960","102960"
"Arkansas","2021-04-19T00:00:00.000","44460","44460"
"California","2021-04-19T00:00:00.000","575640","575640"
"Chicago","2021-04-19T00:00:00.000","40950","40950"
"Colorado","2021-04-19T00:00:00.000","81900","81900"
"Connecticut","2021-04-19T00:00:00.000","54990","54990"
"Delaware","2021-04-19T00:00:00.000","15210","15210"
"District of Columbia","2021-04-19T00:00:00.000","11700","11700"
"Federal Entities","2021-04-19T00:00:00.000","203580","203580"
"Florida","2021-04-19T00:00:00.000","314730","314730"
"Georgia","2021-04-19T00:00:00.000","149760","149760"
"Guam","2021-04-19T00:00:00.000","0","0"
"Hawaii","2021-04-19T00:00:00.000","22230","22230"
"Idaho","2021-04-19T00:00:00.000","24570","24570"
"Illinois","2021-04-19T00:00:00.000","149760","149760"
"Indiana","2021-04-19T00:00:00.000","97110","97110"
"Iowa","2021-04-19T00:00:00.000","46800","46800"
"Kansas","2021-04-19T00:00:00.000","42120","42120"
"Kentucky","2021-04-19T00:00:00.000","66690","66690"
"Louisiana","2021-04-19T00:00:00.000","69030","69030"
"Maine","2021-04-19T00:00:00.000","21060","21060"
"Mariana Islands","2021-04-19T00:00:00.000","0","0"
"Marshall Islands","2021-04-19T00:00:00.000","0","0"
"Maryland","2021-04-19T00:00:00.000","90090","90090"
"Massachusetts","2021-04-19T00:00:00.000","105300","105300"
"Michigan","2021-04-19T00:00:00.000","148590","148590"
"Micronesia","2021-04-19T00:00:00.000","0","0"
"Minnesota","2021-04-19T00:00:00.000","81900","81900"
"Mississippi","2021-04-19T00:00:00.000","44460","44460"
"Missouri","2021-04-19T00:00:00.000","90090","90090"
"Montana","2021-04-19T00:00:00.000","16380","16380"
"Nebraska","2021-04-19T00:00:00.000","28080","28080"
"Nevada","2021-04-19T00:00:00.000","43290","43290"
"New Hampshire","2021-04-19T00:00:00.000","21060","21060"
"New Jersey","2021-04-19T00:00:00.000","132210","132210"
"New Mexico","2021-04-19T00:00:00.000","31590","31590"
"New York","2021-04-19T00:00:00.000","168480","168480"
"New York City","2021-04-19T00:00:00.000","128700","128700"
"North Carolina","2021-04-19T00:00:00.000","150930","150930"
"North Dakota","2021-04-19T00:00:00.000","11700","11700"
"Ohio","2021-04-19T00:00:00.000","173160","173160"
"Oklahoma","2021-04-19T00:00:00.000","57330","57330"
"Oregon","2021-04-19T00:00:00.000","62010","62010"
"Palau","2021-04-19T00:00:00.000","0","0"
"Pennsylvania","2021-04-19T00:00:00.000","170820","170820"
"Philadelphia","2021-04-19T00:00:00.000","24570","24570"
"Puerto Rico","2021-04-19T00:00:00.000","52650","52650"
"Rhode Island","2021-04-19T00:00:00.000","16380","16380"
"South Carolina","2021-04-19T00:00:00.000","74880","74880"
"South Dakota","2021-04-19T00:00:00.000","12870","12870"
"Tennessee","2021-04-19T00:00:00.000","99450","99450"
"Texas","2021-04-19T00:00:00.000","394290","394290"
"U.S. Virgin Islands","2021-04-19T00:00:00.000","2340","2340"
"Utah","2021-04-19T00:00:00.000","40950","40950"
"Vermont","2021-04-19T00:00:00.000","10530","10530"
"Virginia","2021-04-19T00:00:00.000","126360","126360"
"Washington","2021-04-19T00:00:00.000","109980","109980"
"West Virginia","2021-04-19T00:00:00.000","28080","28080"
"Wisconsin","2021-04-19T00:00:00.000","86580","86580"
"Wyoming","2021-04-19T00:00:00.000","9360","9360"
"Alabama","2021-04-26T00:00:00.000","72540","72540"
"Alaska","2021-04-26T00:00:00.000","0","0"
"American Samoa","2021-04-26T00:00:00.000","0","0"
"Arizona","2021-04-26T00:00:00.000","102960","102960"
"Arkansas","2021-04-26T00:00:00.000","44460","44460"
"California","2021-04-26T00:00:00.000","575640","575640"
"Chicago","2021-04-26T00:00:00.000","40950","40950"
"Colorado","2021-04-26T00:00:00.000","81900","81900"
"Connecticut","2021-04-26T00:00:00.000","54990","54990"
"Delaware","2021-04-26T00:00:00.000","15210","15210"
"District of Columbia","2021-04-26T00:00:00.000","11700","11700"
"Federal Entities","2021-04-26T00:00:00.000","218790","218790"
"Florida","2021-04-26T00:00:00.000","314730","314730"
"Georgia","2021-04-26T00:00:00.000","149760","149760"
"Guam","2021-04-26T00:00:00.000","0","0"
"Hawaii","2021-04-26T00:00:00.000","22230","22230"
"Idaho","2021-04-26T00:00:00.000","24570","24570"
"Illinois","2021-04-26T00:00:00.000","149760","149760"
"Indiana","2021-04-26T00:00:00.000","97110","97110"
"Iowa","2021-04-26T00:00:00.000","46800","46800"
"Kansas","2021-04-26T00:00:00.000","42120","42120"
"Kentucky","2021-04-26T00:00:00.000","66690","66690"
"Louisiana","2021-04-26T00:00:00.000","69030","69030"
"Maine","2021-04-26T00:00:00.000","21060","21060"
"Mariana Islands","2021-04-26T00:00:00.000","0","0"
"Marshall Islands","2021-04-26T00:00:00.000","0","0"
"Maryland","2021-04-26T00:00:00.000","90090","90090"
"Massachusetts","2021-04-26T00:00:00.000","105300","105300"
"Michigan","2021-04-26T00:00:00.000","148590","148590"
"Micronesia","2021-04-26T00:00:00.000","0","0"
"Minnesota","2021-04-26T00:00:00.000","81900","81900"
"Mississippi","2021-04-26T00:00:00.000","44460","44460"
"Missouri","2021-04-26T00:00:00.000","90090","90090"
"Montana","2021-04-26T00:00:00.000","16380","16380"
"Nebraska","2021-04-26T00:00:00.000","28080","28080"
"Nevada","2021-04-26T00:00:00.000","43290","43290"
"New Hampshire","2021-04-26T00:00:00.000","21060","21060"
"New Jersey","2021-04-26T00:00:00.000","132210","132210"
"New Mexico","2021-04-26T00:00:00.000","31590","31590"
"New York","2021-04-26T00:00:00.000","168480","168480"
"New York City","2021-04-26T00:00:00.000","128700","128700"
"North Carolina","2021-04-26T00:00:00.000","150930","150930"
"North Dakota","2021-04-26T00:00:00.000","11700","11700"
"Ohio","2021-04-26T00:00:00.000","173160","173160"
"Oklahoma","2021-04-26T00:00:00.000","57330","57330"
"Oregon","2021-04-26T00:00:00.000","62010","62010"
"Palau","2021-04-26T00:00:00.000","0","0"
"Pennsylvania","2021-04-26T00:00:00.000","170820","170820"
"Philadelphia","2021-04-26T00:00:00.000","24570","24570"
"Puerto Rico","2021-04-26T00:00:00.000","52650","52650"
"Rhode Island","2021-04-26T00:00:00.000","16380","16380"
"South Carolina","2021-04-26T00:00:00.000","74880","74880"
"South Dakota","2021-04-26T00:00:00.000","12870","12870"
"Tennessee","2021-04-26T00:00:00.000","99450","99450"
"Texas","2021-04-26T00:00:00.000","394290","394290"
"U.S. Virgin Islands","2021-04-26T00:00:00.000","2340","2340"
"Utah","2021-04-26T00:00:00.000","40950","40950"
"Vermont","2021-04-26T00:00:00.000","10530","10530"
"Virginia","2021-04-26T00:00:00.000","126360","126360"
"Washington","2021-04-26T00:00:00.000","109980","109980"
"West Virginia","2021-04-26T00:00:00.000","28080","28080"
"Wisconsin","2021-04-26T00:00:00.000","86580","86580"
"Wyoming","2021-04-26T00:00:00.000","9360","9360"
"Alabama","2021-05-03T00:00:00.000","72540","72540"
"Alaska","2021-05-03T00:00:00.000","18720","18720"
"American Samoa","2021-05-03T00:00:00.000","0","0"
"Arizona","2021-05-03T00:00:00.000","102960","102960"
"Arkansas","2021-05-03T00:00:00.000","44460","44460"
"California","2021-05-03T00:00:00.000","575640","575640"
"Chicago","2021-05-03T00:00:00.000","40950","40950"
"Colorado","2021-05-03T00:00:00.000","81900","81900"
"Connecticut","2021-05-03T00:00:00.000","54990","54990"
"Delaware","2021-05-03T00:00:00.000","15210","15210"
"District of Columbia","2021-05-03T00:00:00.000","11700","11700"
"Federal Entities","2021-05-03T00:00:00.000","218790","218790"
"Florida","2021-05-03T00:00:00.000","314730","314730"
"Georgia","2021-05-03T00:00:00.000","149760","149760"
"Guam","2021-05-03T00:00:00.000","0","0"
"Hawaii","2021-05-03T00:00:00.000","22230","22230"
"Idaho","2021-05-03T00:00:00.000","24570","24570"
"Illinois","2021-05-03T00:00:00.000","149760","149760"
"Indiana","2021-05-03T00:00:00.000","97110","97110"
"Iowa","2021-05-03T00:00:00.000","46800","46800"
"Kansas","2021-05-03T00:00:00.000","42120","42120"
"Kentucky","2021-05-03T00:00:00.000","66690","66690"
"Louisiana","2021-05-03T00:00:00.000","69030","69030"
"Maine","2021-05-03T00:00:00.000","21060","21060"
"Mariana Islands","2021-05-03T00:00:00.000","0","0"
"Marshall Islands","2021-05-03T00:00:00.000","0","0"
"Maryland","2021-05-03T00:00:00.000","90090","90090"
"Massachusetts","2021-05-03T00:00:00.000","105300","105300"
"Michigan","2021-05-03T00:00:00.000","148590","148590"
"Micronesia","2021-05-03T00:00:00.000","0","0"
"Minnesota","2021-05-03T00:00:00.000","81900","81900"
"Mississippi","2021-05-03T00:00:00.000","44460","44460"
"Missouri","2021-05-03T00:00:00.000","90090","90090"
"Montana","2021-05-03T00:00:00.000","16380","16380"
"Nebraska","2021-05-03T00:00:00.000","28080","28080"
"Nevada","2021-05-03T00:00:00.000","43290","43290"
"New Hampshire","2021-05-03T00:00:00.000","21060","21060"
"New Jersey","2021-05-03T00:00:00.000","132210","132210"
"New Mexico","2021-05-03T00:00:00.000","31590","31590"
"New York","2021-05-03T00:00:00.000","168480","168480"
"New York City","2021-05-03T00:00:00.000","128700","128700"
"North Carolina","2021-05-03T00:00:00.000","150930","150930"
"North Dakota","2021-05-03T00:00:00.000","11700","11700"
"Ohio","2021-05-03T00:00:00.000","173160","173160"
"Oklahoma","2021-05-03T00:00:00.000","57330","57330"
"Oregon","2021-05-03T00:00:00.000","62010","62010"
"Palau","2021-05-03T00:00:00.000","0","0"
"Pennsylvania","2021-05-03T00:00:00.000","170820","170820"
"Philadelphia","2021-05-03T00:00:00.000","24570","24570"
"Puerto Rico","2021-05-03T00:00:00.000","52650","52650"
"Rhode Island","2021-05-03T00:00:00.000","16380","16380"
"South Carolina","2021-05-03T00:00:00.000","74880","74880"
"South Dakota","2021-05-03T00:00:00.000","12870","12870"
"Tennessee","2021-05-03T00:00:00.000","99450","99450"
"Texas","2021-05-03T00:00:00.000","394290","394290"
"U.S. Virgin Islands","2021-05-03T00:00:00.000","2340","2340"
"Utah","2021-05-03T00:00:00.000","40950","40950"
"Vermont","2021-05-03T00:00:00.000","10530","10530"
"Virginia","2021-05-03T00:00:00.000","126360","126360"
"Washington","2021-05-03T00:00:00.000","109980","109980"
"West Virginia","2021-05-03T00:00:00.000","28080","28080"
"Wisconsin","2021-05-03T00:00:00.000","86580","86580"
"Wyoming","2021-05-03T00:00:00.000","9360","9360"
"Alabama","2021-05-10T00:00:00.000","72540","72540"
"Alaska","2021-05-10T00:00:00.000","16380","16380"
"American Samoa","2021-05-10T00:00:00.000","0","0"
"Arizona","2021-05-10T00:00:00.000","102960","102960"
"Arkansas","2021-05-10T00:00:00.000","44460","44460"
"California","2021-05-10T00:00:00.000","575640","575640"
"Chicago","2021-05-10T00:00:00.000","40950","40950"
"Colorado","2021-05-10T00:00:00.000","81900","81900"
"Connecticut","2021-05-10T00:00:00.000","54990","54990"
"Delaware","2021-05-10T00:00:00.000","15210","15210"
"District of Columbia","2021-05-10T00:00:00.000","11700","11700"
"Federal Entities","2021-05-10T00:00:00.000","218790","218790"
"Florida","2021-05-10T00:00:00.000","314730","314730"
"Georgia","2021-05-10T00:00:00.000","149760","149760"
"Guam","2021-05-10T00:00:00.000","0","0"
"Hawaii","2021-05-10T00:00:00.000","22230","22230"
"Idaho","2021-05-10T00:00:00.000","24570","24570"
"Illinois","2021-05-10T00:00:00.000","149760","149760"
"Indiana","2021-05-10T00:00:00.000","97110","97110"
"Iowa","2021-05-10T00:00:00.000","46800","46800"
"Kansas","2021-05-10T00:00:00.000","42120","42120"
"Kentucky","2021-05-10T00:00:00.000","66690","66690"
"Louisiana","2021-05-10T00:00:00.000","69030","69030"
"Maine","2021-05-10T00:00:00.000","21060","21060"
"Mariana Islands","2021-05-10T00:00:00.000","0","0"
"Marshall Islands","2021-05-10T00:00:00.000","0","0"
"Maryland","2021-05-10T00:00:00.000","90090","90090"
"Massachusetts","2021-05-10T00:00:00.000","105300","105300"
"Michigan","2021-05-10T00:00:00.000","148590","148590"
"Micronesia","2021-05-10T00:00:00.000","0","0"
"Minnesota","2021-05-10T00:00:00.000","81900","81900"
"Mississippi","2021-05-10T00:00:00.000","44460","44460"
"Missouri","2021-05-10T00:00:00.000","90090","90090"
"Montana","2021-05-10T00:00:00.000","16380","16380"
"Nebraska","2021-05-10T00:00:00.000","28080","28080"
"Nevada","2021-05-10T00:00:00.000","43290","43290"
"New Hampshire","2021-05-10T00:00:00.000","21060","21060"
"New Jersey","2021-05-10T00:00:00.000","132210","132210"
"New Mexico","2021-05-10T00:00:00.000","31590","31590"
"New York","2021-05-10T00:00:00.000","168480","168480"
"New York City","2021-05-10T00:00:00.000","128700","128700"
"North Carolina","2021-05-10T00:00:00.000","150930","150930"
"North Dakota","2021-05-10T00:00:00.000","11700","11700"
"Ohio","2021-05-10T00:00:00.000","173160","173160"
"Oklahoma","2021-05-10T00:00:00.000","57330","57330"
"Oregon","2021-05-10T00:00:00.000","62010","62010"
"Palau","2021-05-10T00:00:00.000","0","0"
"Pennsylvania","2021-05-10T00:00:00.000","170820","170820"
"Philadelphia","2021-05-10T00:00:00.000","24570","24570"
"Puerto Rico","2021-05-10T00:00:00.000","52650","52650"
"Rhode Island","2021-05-10T00:00:00.000","16380","16380"
"South Carolina","2021-05-10T00:00:00.000","74880","74880"
"South Dakota","2021-05-10T00:00:00.000","12870","12870"
"Tennessee","2021-05-10T00:00:00.000","99450","99450"
"Texas","2021-05-10T00:00:00.000","394290","394290"
"U.S. Virgin Islands","2021-05-10T00:00:00.000","2340","2340"
"Utah","2021-05-10T00:00:00.000","40950","40950"
"Vermont","2021-05-10T00:00:00.000","10530","10530"
"Virginia","2021-05-10T00:00:00.000","126360","126360"
"Washington","2021-05-10T00:00:00.000","109980","109980"
"West Virginia","2021-05-10T00:00:00.000","28080","28080"
"Wisconsin","2021-05-10T00:00:00.000","86580","86580"
"Wyoming","2021-05-10T00:00:00.000","9360","9360"
"Alabama","2021-05-17T00:00:00.000","72540","72540"
"Alaska","2021-05-17T00:00:00.000","16380","16380"
"American Samoa","2021-05-17T00:00:00.000","0","0"
"Arizona","2021-05-17T00:00:00.000","102960","102960"
"Arkansas","2021-05-17T00:00:00.000","44460","44460"
"California","2021-05-17T00:00:00.000","575640","575640"
"Chicago","2021-05-17T00:00:00.000","40950","40950"
"Colorado","2021-05-17T00:00:00.000","81900","81900"
"Connecticut","2021-05-17T00:00:00.000","54990","54990"
"Delaware","2021-05-17T00:00:00.000","15210","15210"
"District of Columbia","2021-05-17T00:00:00.000","11700","11700"
"Federal Entities","2021-05-17T00:00:00.000","218790","218790"
"Florida","2021-05-17T00:00:00.000","314730","314730"
"Georgia","2021-05-17T00:00:00.000","149760","149760"
"Guam","2021-05-17T00:00:00.000","0","0"
"Hawaii","2021-05-17T00:00:00.000","22230","22230"
"Idaho","2021-05-17T00:00:00.000","24570","24570"
"Illinois","2021-05-17T00:00:00.000","149760","149760"
"Indiana","2021-05-17T00:00:00.000","97110","97110"
"Iowa","2021-05-17T00:00:00.000","46800","46800"
"Kansas","2021-05-17T00:00:00.000","42120","42120"
"Kentucky","2021-05-17T00:00:00.000","66690","66690"
"Louisiana","2021-05-17T00:00:00.000","69030","69030"
"Maine","2021-05-17T00:00:00.000","21060","21060"
"Mariana Islands","2021-05-17T00:00:00.000","0","0"
"Marshall Islands","2021-05-17T00:00:00.000","0","0"
"Maryland","2021-05-17T00:00:00.000","90090","90090"
"Massachusetts","2021-05-17T00:00:00.000","105300","105300"
"Michigan","2021-05-17T00:00:00.000","148590","148590"
"Micronesia","2021-05-17T00:00:00.000","0","0"
"Minnesota","2021-05-17T00:00:00.000","81900","81900"
"Mississippi","2021-05-17T00:00:00.000","44460","44460"
"Missouri","2021-05-17T00:00:00.000","90090","90090"
"Montana","2021-05-17T00:00:00.000","16380","16380"
"Nebraska","2021-05-17T00:00:00.000","28080","28080"
"Nevada","2021-05-17T00:00:00.000","43290","43290"
"New Hampshire","2021-05-17T00:00:00.000","21060","21060"
"New Jersey","2021-05-17T00:00:00.000","132210","132210"
"New Mexico","2021-05-17T00:00:00.000","31590","31590"
"New York","2021-05-17T00:00:00.000","168480","168480"
"New York City","2021-05-17T00:00:00.000","128700","128700"
"North Carolina","2021-05-17T00:00:00.000","150930","150930"
"North Dakota","2021-05-17T00:00:00.000","11700","11700"
"Ohio","2021-05-17T00:00:00.000","173160","173160"
"Oklahoma","2021-05-17T00:00:00.000","57330","57330"
"Oregon","2021-05-17T00:00:00.000","62010","62010"
"Palau","2021-05-17T00:00:00.000","0","0"
"Pennsylvania","2021-05-17T00:00:00.000","170820","170820"
"Philadelphia","2021-05-17T00:00:00.000","24570","24570"
"Puerto Rico","2021-05-17T00:00:00.000","52650","52650"
"Rhode Island","2021-05-17T00:00:00.000","16380","16380"
"South Carolina","2021-05-17T00:00:00.000","74880","74880"
"South Dakota","2021-05-17T00:00:00.000","12870","12870"
"Tennessee","2021-05-17T00:00:00.000","99450","99450"
"Texas","2021-05-17T00:00:00.000","394290","394290"
"U.S. Virgin Islands","2021-05-17T00:00:00.000","2340","2340"
"Utah","2021-05-17T00:00:00.000","40950","40950"
"Vermont","2021-05-17T00:00:00.000","10530","10530"
"Virginia","2021-05-17T00:00:00.000","126360","126360"
"Washington","2021-05-17T00:00:00.000","109980","109980"
"West Virginia","2021-05-17T00:00:00.000","28080","28080"
"Wisconsin","2021-05-17T00:00:00.000","86580","86580"
"Wyoming","2021-05-17T00:00:00.000","9360","9360"
"Alabama","2021-05-24T00:00:00.000","72540","72540"
"Alaska","2021-05-24T00:00:00.000","16380","16380"
"American Samoa","2021-05-24T00:00:00.000","0","0"
"Arizona","2021-05-24T00:00:00.000","102960","102960"
"Arkansas","2021-05-24T00:00:00.000","44460","44460"
"California","2021-05-24T00:00:00.000","575640","575640"
"Chicago","2021-05-24T00:00:00.000","40950","40950"
"Colorado","2021-05-24T00:00:00.000","81900","81900"
"Connecticut","2021-05-24T00:00:00.000","54990","54990"
"Delaware","2021-05-24T00:00:00.000","15210","15210"
"District of Columbia","2021-05-24T00:00:00.000","11700","11700"
"Federal Entities","2021-05-24T00:00:00.000","218790","218790"
"Florida","2021-05-24T00:00:00.000","314730","314730"
"Georgia","2021-05-24T00:00:00.000","149760","149760"
"Guam","2021-05-24T00:00:00.000","0","0"
"Hawaii","2021-05-24T00:00:00.000","22230","22230"
"Idaho","2021-05-24T00:00:00.000","24570","24570"
"Illinois","2021-05-24T00:00:00.000","149760","149760"
"Indiana","2021-05-24T00:00:00.000","97110","97110"
"Iowa","2021-05-24T00:00:00.000","46800","46800"
"Kansas","2021-05-24T00:00:00.000","42120","42120"
"Kentucky","2021-05-24T00:00:00.000","66690","66690"
"Louisiana","2021-05-24T00:00:00.000","69030","69030"
"Maine","2021-05-24T00:00:00.000","21060","21060"
"Mariana Islands","2021-05-24T00:00:00.000","0","0"
"Marshall Islands","2021-05-24T00:00:00.000","0","0"
"Maryland","2021-05-24T00:00:00.000","90090","90090"
"Massachusetts","2021-05-24T00:00:00.000","105300","105300"
"Michigan","2021-05-24T00:00:00.000","148590","148590"
"Micronesia","2021-05-24T00:00:00.000","0","0"
"Minnesota","2021-05-24T00:00:00.000","81900","81900"
"Mississippi","2021-05-24T00:00:00.000","44460","44460"
"Missouri","2021-05-24T00:00:00.000","90090","90090"
"Montana","2021-05-24T00:00:00.000","16380","16380"
"Nebraska","2021-05-24T00:00:00.000","28080","28080"
"Nevada","2021-05-24T00:00:00.000","43290","43290"
"New Hampshire","2021-05-24T00:00:00.000","21060","21060"
"New Jersey","2021-05-24T00:00:00.000","132210","132210"
"New Mexico","2021-05-24T00:00:00.000","31590","31590"
"New York","2021-05-24T00:00:00.000","168480","168480"
"New York City","2021-05-24T00:00:00.000","128700","128700"
"North Carolina","2021-05-24T00:00:00.000","150930","150930"
"North Dakota","2021-05-24T00:00:00.000","11700","11700"
"Ohio","2021-05-24T00:00:00.000","173160","173160"
"Oklahoma","2021-05-24T00:00:00.000","57330","57330"
"Oregon","2021-05-24T00:00:00.000","62010","62010"
"Palau","2021-05-24T00:00:00.000","0","0"
"Pennsylvania","2021-05-24T00:00:00.000","170820","170820"
"Philadelphia","2021-05-24T00:00:00.000","24570","24570"
"Puerto Rico","2021-05-24T00:00:00.000","52650","52650"
"Rhode Island","2021-05-24T00:00:00.000","16380","16380"
"South Carolina","2021-05-24T00:00:00.000","74880","74880"
"South Dakota","2021-05-24T00:00:00.000","12870","12870"
"Tennessee","2021-05-24T00:00:00.000","99450","99450"
"Texas","2021-05-24T00:00:00.000","394290","394290"
"U.S. Virgin Islands","2021-05-24T00:00:00.000","2340","2340"
"Utah","2021-05-24T00:00:00.000","40950","40950"
"Vermont","2021-05-24T00:00:00.000","10530","10530"
"Virginia","2021-05-24T00:00:00.000","126360","126360"
"Washington","2021-05-24T00:00:00.000","109980","109980"
"West Virginia","2021-05-24T00:00:00.000","28080","28080"
"Wisconsin","2021-05-24T00:00:00.000","86580","86580"
"Wyoming","2021-05-24T00:00:00.000","9360","9360"
"Alabama","2021-05-31T00:00:00.000","72090","72090"
"Alaska","2021-05-31T00:00:00.000","16830","16830"
"American Samoa","2021-05-31T00:00:00.000","0","0"
"Arizona","2021-05-31T00:00:00.000","102510","102510"
"Arkansas","2021-05-31T00:00:00.000","44460","44460"
"California","2021-05-31T00:00:00.000","575640","575640"
"Chicago","2021-05-31T00:00:00.000","40770","40770"
"Colorado","2021-05-31T00:00:00.000","82710","82710"
"Connecticut","2021-05-31T00:00:00.000","54360","54360"
"Delaware","2021-05-31T00:00:00.000","15210","15210"
"District of Columbia","2021-05-31T00:00:00.000","11520","11520"
"Federal Entities","2021-05-31T00:00:00.000","218790","218790"
"Florida","2021-05-31T00:00:00.000","314640","314640"
"Georgia","2021-05-31T00:00:00.000","149490","149490"
"Guam","2021-05-31T00:00:00.000","0","0"
"Hawaii","2021-05-31T00:00:00.000","22590","22590"
"Idaho","2021-05-31T00:00:00.000","25110","25110"
"Illinois","2021-05-31T00:00:00.000","149490","149490"
"Indiana","2021-05-31T00:00:00.000","97200","97200"
"Iowa","2021-05-31T00:00:00.000","46530","46530"
"Kansas","2021-05-31T00:00:00.000","42390","42390"
"Kentucky","2021-05-31T00:00:00.000","65880","65880"
"Louisiana","2021-05-31T00:00:00.000","69120","69120"
"Maine","2021-05-31T00:00:00.000","21420","21420"
"Mariana Islands","2021-05-31T00:00:00.000","0","0"
"Marshall Islands","2021-05-31T00:00:00.000","0","0"
"Maryland","2021-05-31T00:00:00.000","89370","89370"
"Massachusetts","2021-05-31T00:00:00.000","104580","104580"
"Michigan","2021-05-31T00:00:00.000","147870","147870"
"Micronesia","2021-05-31T00:00:00.000","0","0"
"Minnesota","2021-05-31T00:00:00.000","81540","81540"
"Mississippi","2021-05-31T00:00:00.000","44460","44460"
"Missouri","2021-05-31T00:00:00.000","89820","89820"
"Montana","2021-05-31T00:00:00.000","16830","16830"
"Nebraska","2021-05-31T00:00:00.000","28800","28800"
"Nevada","2021-05-31T00:00:00.000","42840","42840"
"New Hampshire","2021-05-31T00:00:00.000","21420","21420"
"New Jersey","2021-05-31T00:00:00.000","132210","132210"
"New Mexico","2021-05-31T00:00:00.000","32490","32490"
"New York","2021-05-31T00:00:00.000","167670","167670"
"New York City","2021-05-31T00:00:00.000","128070","128070"
"North Carolina","2021-05-31T00:00:00.000","149940","149940"
"North Dakota","2021-05-31T00:00:00.000","11520","11520"
"Ohio","2021-05-31T00:00:00.000","172530","172530"
"Oklahoma","2021-05-31T00:00:00.000","57600","57600"
"Oregon","2021-05-31T00:00:00.000","62190","62190"
"Palau","2021-05-31T00:00:00.000","0","0"
"Pennsylvania","2021-05-31T00:00:00.000","170460","170460"
"Philadelphia","2021-05-31T00:00:00.000","24660","24660"
"Puerto Rico","2021-05-31T00:00:00.000","52290","52290"
"Rhode Island","2021-05-31T00:00:00.000","17280","17280"
"South Carolina","2021-05-31T00:00:00.000","74160","74160"
"South Dakota","2021-05-31T00:00:00.000","13140","13140"
"Tennessee","2021-05-31T00:00:00.000","98820","98820"
"Texas","2021-05-31T00:00:00.000","393660","393660"
"U.S. Virgin Islands","2021-05-31T00:00:00.000","3240","3240"
"Utah","2021-05-31T00:00:00.000","41220","41220"
"Vermont","2021-05-31T00:00:00.000","11070","11070"
"Virginia","2021-05-31T00:00:00.000","126000","126000"
"Washington","2021-05-31T00:00:00.000","109170","109170"
"West Virginia","2021-05-31T00:00:00.000","28800","28800"
"Wisconsin","2021-05-31T00:00:00.000","85680","85680"
"Wyoming","2021-05-31T00:00:00.000","9450","9450"
"Alabama","2021-06-07T00:00:00.000","72090","72090"
"Alaska","2021-06-07T00:00:00.000","16830","16830"
"American Samoa","2021-06-07T00:00:00.000","0","0"
"Arizona","2021-06-07T00:00:00.000","102510","102510"
"Arkansas","2021-06-07T00:00:00.000","44460","44460"
"California","2021-06-07T00:00:00.000","575640","575640"
"Chicago","2021-06-07T00:00:00.000","40770","40770"
"Colorado","2021-06-07T00:00:00.000","82710","82710"
"Connecticut","2021-06-07T00:00:00.000","54360","54360"
"Delaware","2021-06-07T00:00:00.000","15210","15210"
"District of Columbia","2021-06-07T00:00:00.000","11520","11520"
"Federal Entities","2021-06-07T00:00:00.000","219060","219060"
"Florida","2021-06-07T00:00:00.000","314640","314640"
"Georgia","2021-06-07T00:00:00.000","149490","149490"
"Guam","2021-06-07T00:00:00.000","0","0"
"Hawaii","2021-06-07T00:00:00.000","22590","22590"
"Idaho","2021-06-07T00:00:00.000","25110","25110"
"Illinois","2021-06-07T00:00:00.000","149490","149490"
"Indiana","2021-06-07T00:00:00.000","97200","97200"
"Iowa","2021-06-07T00:00:00.000","46530","46530"
"Kansas","2021-06-07T00:00:00.000","42390","42390"
"Kentucky","2021-06-07T00:00:00.000","65880","65880"
"Louisiana","2021-06-07T00:00:00.000","69120","69120"
"Maine","2021-06-07T00:00:00.000","21420","21420"
"Mariana Islands","2021-06-07T00:00:00.000","0","0"
"Marshall Islands","2021-06-07T00:00:00.000","0","0"
"Maryland","2021-06-07T00:00:00.000","89370","89370"
"Massachusetts","2021-06-07T00:00:00.000","104580","104580"
"Michigan","2021-06-07T00:00:00.000","147870","147870"
"Micronesia","2021-06-07T00:00:00.000","0","0"
"Minnesota","2021-06-07T00:00:00.000","81540","81540"
"Mississippi","2021-06-07T00:00:00.000","44460","44460"
"Missouri","2021-06-07T00:00:00.000","89820","89820"
"Montana","2021-06-07T00:00:00.000","16830","16830"
"Nebraska","2021-06-07T00:00:00.000","28800","28800"
"Nevada","2021-06-07T00:00:00.000","42840","42840"
"New Hampshire","2021-06-07T00:00:00.000","21420","21420"
"New Jersey","2021-06-07T00:00:00.000","132210","132210"
"New Mexico","2021-06-07T00:00:00.000","32490","32490"
"New York","2021-06-07T00:00:00.000","167670","167670"
"New York City","2021-06-07T00:00:00.000","128070","128070"
"North Carolina","2021-06-07T00:00:00.000","149940","149940"
"North Dakota","2021-06-07T00:00:00.000","11520","11520"
"Ohio","2021-06-07T00:00:00.000","172530","172530"
"Oklahoma","2021-06-07T00:00:00.000","57600","57600"
"Oregon","2021-06-07T00:00:00.000","62190","62190"
"Palau","2021-06-07T00:00:00.000","0","0"
"Pennsylvania","2021-06-07T00:00:00.000","170460","170460"
"Philadelphia","2021-06-07T00:00:00.000","24660","24660"
"Puerto Rico","2021-06-07T00:00:00.000","52290","52290"
"Rhode Island","2021-06-07T00:00:00.000","17280","17280"
"South Carolina","2021-06-07T00:00:00.000","74160","74160"
"South Dakota","2021-06-07T00:00:00.000","13140","13140"
"Tennessee","2021-06-07T00:00:00.000","98820","98820"
"Texas","2021-06-07T00:00:00.000","393660","393660"
"U.S. Virgin Islands","2021-06-07T00:00:00.000","3240","3240"
"Utah","2021-06-07T00:00:00.000","41220","41220"
"Vermont","2021-06-07T00:00:00.000","11070","11070"
"Virginia","2021-06-07T00:00:00.000","126000","126000"
"Washington","2021-06-07T00:00:00.000","109170","109170"
"West Virginia","2021-06-07T00:00:00.000","28800","28800"
"Wisconsin","2021-06-07T00:00:00.000","85680","85680"
"Wyoming","2021-06-07T00:00:00.000","9450","9450"
"Alabama","2021-06-14T00:00:00.000","72090","72090"
"Alaska","2021-06-14T00:00:00.000","16830","16830"
"American Samoa","2021-06-14T00:00:00.000","0","0"
"Arizona","2021-06-14T00:00:00.000","102510","102510"
"Arkansas","2021-06-14T00:00:00.000","44460","44460"
"California","2021-06-14T00:00:00.000","575640","575640"
"Chicago","2021-06-14T00:00:00.000","40770","40770"
"Colorado","2021-06-14T00:00:00.000","82710","82710"
"Connecticut","2021-06-14T00:00:00.000","54360","54360"
"Delaware","2021-06-14T00:00:00.000","15210","15210"
"District of Columbia","2021-06-14T00:00:00.000","11520","11520"
"Federal Entities","2021-06-14T00:00:00.000","219060","219060"
"Florida","2021-06-14T00:00:00.000","314640","314640"
"Georgia","2021-06-14T00:00:00.000","149490","149490"
"Guam","2021-06-14T00:00:00.000","0","0"
"Hawaii","2021-06-14T00:00:00.000","22590","22590"
"Idaho","2021-06-14T00:00:00.000","25110","25110"
"Illinois","2021-06-14T00:00:00.000","149490","149490"
"Indiana","2021-06-14T00:00:00.000","97200","97200"
"Iowa","2021-06-14T00:00:00.000","46530","46530"
"Kansas","2021-06-14T00:00:00.000","42390","42390"
"Kentucky","2021-06-14T00:00:00.000","65880","65880"
"Louisiana","2021-06-14T00:00:00.000","69120","69120"
"Maine","2021-06-14T00:00:00.000","21420","21420"
"Mariana Islands","2021-06-14T00:00:00.000","0","0"
"Marshall Islands","2021-06-14T00:00:00.000","0","0"
"Maryland","2021-06-14T00:00:00.000","89370","89370"
"Massachusetts","2021-06-14T00:00:00.000","104580","104580"
"Michigan","2021-06-14T00:00:00.000","147870","147870"
"Micronesia","2021-06-14T00:00:00.000","0","0"
"Minnesota","2021-06-14T00:00:00.000","81540","81540"
"Mississippi","2021-06-14T00:00:00.000","44460","44460"
"Missouri","2021-06-14T00:00:00.000","89820","89820"
"Montana","2021-06-14T00:00:00.000","16830","16830"
"Nebraska","2021-06-14T00:00:00.000","28800","28800"
"Nevada","2021-06-14T00:00:00.000","42840","42840"
"New Hampshire","2021-06-14T00:00:00.000","21420","21420"
"New Jersey","2021-06-14T00:00:00.000","132210","132210"
"New Mexico","2021-06-14T00:00:00.000","32490","32490"
"New York","2021-06-14T00:00:00.000","167670","167670"
"New York City","2021-06-14T00:00:00.000","128070","128070"
"North Carolina","2021-06-14T00:00:00.000","149940","149940"
"North Dakota","2021-06-14T00:00:00.000","11520","11520"
"Ohio","2021-06-14T00:00:00.000","172530","172530"
"Oklahoma","2021-06-14T00:00:00.000","57600","57600"
"Oregon","2021-06-14T00:00:00.000","62190","62190"
"Palau","2021-06-14T00:00:00.000","0","0"
"Pennsylvania","2021-06-14T00:00:00.000","170460","170460"
"Philadelphia","2021-06-14T00:00:00.000","24660","24660"
"Puerto Rico","2021-06-14T00:00:00.000","52290","52290"
"Rhode Island","2021-06-14T00:00:00.000","17280","17280"
"South Carolina","2021-06-14T00:00:00.000","74160","74160"
"South Dakota","2021-06-14T00:00:00.000","13140","13140"
"Tennessee","2021-06-14T00:00:00.000","98820","98820"
"Texas","2021-06-14T00:00:00.000","393660","393660"
"U.S. Virgin Islands","2021-06-14T00:00:00.000","3240","3240"
"Utah","2021-06-14T00:00:00.000","41220","41220"
"Vermont","2021-06-14T00:00:00.000","11070","11070"
"Virginia","2021-06-14T00:00:00.000","126000","126000"
"Washington","2021-06-14T00:00:00.000","109170","109170"
"West Virginia","2021-06-14T00:00:00.000","28800","28800"
"Wisconsin","2021-06-14T00:00:00.000","85680","85680"
"Wyoming","2021-06-14T00:00:00.000","9450","9450"
"Alabama","2021-06-21T00:00:00.000","72090","72090"
"Alaska","2021-06-21T00:00:00.000","16830","16830"
"American Samoa","2021-06-21T00:00:00.000","0","0"
"Arizona","2021-06-21T00:00:00.000","102510","102510"
"Arkansas","2021-06-21T00:00:00.000","44460","44460"
"California","2021-06-21T00:00:00.000","575640","575640"
"Chicago","2021-06-21T00:00:00.000","40770","40770"
"Colorado","2021-06-21T00:00:00.000","82710","82710"
"Connecticut","2021-06-21T00:00:00.000","54360","54360"
"Delaware","2021-06-21T00:00:00.000","15210","15210"
"District of Columbia","2021-06-21T00:00:00.000","11520","11520"
"Federal Entities","2021-06-21T00:00:00.000","219060","219060"
"Florida","2021-06-21T00:00:00.000","314640","314640"
"Georgia","2021-06-21T00:00:00.000","149490","149490"
"Guam","2021-06-21T00:00:00.000","0","0"
"Hawaii","2021-06-21T00:00:00.000","22590","22590"
"Idaho","2021-06-21T00:00:00.000","25110","25110"
"Illinois","2021-06-21T00:00:00.000","149490","149490"
"Indiana","2021-06-21T00:00:00.000","97200","97200"
"Iowa","2021-06-21T00:00:00.000","46530","46530"
"Kansas","2021-06-21T00:00:00.000","42390","42390"
"Kentucky","2021-06-21T00:00:00.000","65880","65880"
"Louisiana","2021-06-21T00:00:00.000","69120","69120"
"Maine","2021-06-21T00:00:00.000","21420","21420"
"Mariana Islands","2021-06-21T00:00:00.000","0","0"
"Marshall Islands","2021-06-21T00:00:00.000","0","0"
"Maryland","2021-06-21T00:00:00.000","89370","89370"
"Massachusetts","2021-06-21T00:00:00.000","104580","104580"
"Michigan","2021-06-21T00:00:00.000","147870","147870"
"Micronesia","2021-06-21T00:00:00.000","0","0"
"Minnesota","2021-06-21T00:00:00.000","81540","81540"
"Mississippi","2021-06-21T00:00:00.000","44460","44460"
"Missouri","2021-06-21T00:00:00.000","89820","89820"
"Montana","2021-06-21T00:00:00.000","16830","16830"
"Nebraska","2021-06-21T00:00:00.000","28800","28800"
"Nevada","2021-06-21T00:00:00.000","42840","42840"
"New Hampshire","2021-06-21T00:00:00.000","21420","21420"
"New Jersey","2021-06-21T00:00:00.000","132210","132210"
"New Mexico","2021-06-21T00:00:00.000","32490","32490"
"New York","2021-06-21T00:00:00.000","167670","167670"
"New York City","2021-06-21T00:00:00.000","128070","128070"
"North Carolina","2021-06-21T00:00:00.000","149940","149940"
"North Dakota","2021-06-21T00:00:00.000","11520","11520"
"Ohio","2021-06-21T00:00:00.000","172530","172530"
"Oklahoma","2021-06-21T00:00:00.000","57600","57600"
"Oregon","2021-06-21T00:00:00.000","62190","62190"
"Palau","2021-06-21T00:00:00.000","0","0"
"Pennsylvania","2021-06-21T00:00:00.000","170460","170460"
"Philadelphia","2021-06-21T00:00:00.000","24660","24660"
"Puerto Rico","2021-06-21T00:00:00.000","52290","52290"
"Rhode Island","2021-06-21T00:00:00.000","17280","17280"
"South Carolina","2021-06-21T00:00:00.000","74160","74160"
"South Dakota","2021-06-21T00:00:00.000","13140","13140"
"Tennessee","2021-06-21T00:00:00.000","98820","98820"
"Texas","2021-06-21T00:00:00.000","393660","393660"
"U.S. Virgin Islands","2021-06-21T00:00:00.000","3240","3240"
"Utah","2021-06-21T00:00:00.000","41220","41220"
"Vermont","2021-06-21T00:00:00.000","11070","11070"
"Virginia","2021-06-21T00:00:00.000","126000","126000"
"Washington","2021-06-21T00:00:00.000","109170","109170"
"West Virginia","2021-06-21T00:00:00.000","28800","28800"
"Wisconsin","2021-06-21T00:00:00.000","85680","85680"
"Wyoming","2021-06-21T00:00:00.000","9450","9450"
